number_new,number,ID,cities_lead,manual_validation_cities_lead,Publication identified in which step,publication_DOI,publication_URL,article_yes_no,publication_date,unsure_about_publ_yes_no,reason,other_comments,rater,brief_title,official_title,study_first_submitted_date,start_date,start_date_type,completion_date,completion_date_type,PI_name,PI_affiliation,interventions,overall_status,phase,enrollment,enrollment_type,were_results_reported
1103,41,NCT01712464,Aachen,Aachen,3,10.1038/s41386-018-0258-7 ,https://pubmed.ncbi.nlm.nih.gov/30390065/,yes,02.11.2018,no,,,HK,Modulation of Reinforcement Learning,Modulation of Reinforcement Learning and Neuronal Activation in Ventral Stratum by Oxytocin - a Pilot Study at Autism Spectrum Disorder,2012-10-15,2013-10-18,Actual,2016-08-07,Actual,"Martin Schulte-Rüther, Dr. rer. nat","University Hospital, Aachen",Oxytocin vs. Placebo,Completed,N/A,60,Actual,FALSE
672,80,NCT01470677,Bochum,Bochum,1,10.1186/1471-2407-14-635 ,https://pubmed.ncbi.nlm.nih.gov/25175029/,yes,30.08.2014,no,,,HK,Tachosil for the Prevention of Symptomatic Lymph Cysts,A Collagen-Fibrin Patch (Tachosil®) for the Prevention of Symptomatic Lymphoceles After Pelvic Lymphadenectomy in Women With Gynecologic Malignancies: a Randomized Clinical Trial,2011-07-12,2011-11-30,,2016-01-31,Actual,"Clemens Tempfer, MD","Ruhr University Bochum, Germany",Tachosil fibrin patch,Completed,Phase 3,220,Actual,FALSE
239,92,NCT02329912,Bonn,Bonn,0,,,no,,no,,,HK,Postoperative Ileus: Duration and Severity Assessment With the SmartPill®,The SmartPill® as an Objective Parameter to Evaluate Severity and Duration of Postoperative Ileus,2014-12-01,2014-12-31,,2016-12-31,Anticipated,"Tim O. Vilz, MD","Department of Surgery, University of Bonn",SmartPill,Unknown status,N/A,55,Anticipated,FALSE
242,105,NCT01047254,Bonn,Bonn,0,,,no,,no,,,HK,Bupropion for the Treatment of Apathy in Alzheimer's Dementia,"A 12-week, Multicenter, Randomized, Double-blind, Placebo-controlled Trial of Bupropion for the Treatment of Apathy in Alzheimer's Dementia(Apa-AD)",2010-01-11,2010-01-31,,2014-07-31,Actual,"Frank Jessen, MD",University Bonn,Elontril | placebo,Completed,Phase 3,110,Actual,FALSE
243,106,NCT00770783,Bonn,Bonn,0,,,no,,no,,,HK,Magnetic Seizure Therapy (MST) for Treatment Resistant Major Depression,Efficacy of Magnetic Seizure Therapy (MST) in Refractory Major Depression,2008-10-09,2005-02-28,Actual,2014-05-31,Actual,"Thomas E. Schlaepfer, MD","University Hospital, Bonn",Thymatron | Tonica MagPro MST,Completed,Phase 3,30,Anticipated,FALSE
1250,95,NCT02012985,Bonn,Bonn,2,10.1007/s00467-016-3553-8,https://link.springer.com/article/10.1007/s00467-016-3553-8,yes,06.12.2016,no,,,HK,Study to Evaluate the Efficacy and Safety of Oxabact (OC5) in Patients With Primary Hyperoxaluria,"A Phase 1/2, Randomised, Placebo-controlled, Double-blind, Multi-centre Study to Evaluate the Efficacy and Safety of OC5 to Reduce Urinary Oxalate in Subjects With Primary Hyperoxaluria",2013-12-11,2013-12-31,,2015-01-31,Actual,"Bernd Hoppe, MD PhD","Universitätsklinikum Bonn, Dept of Paediatric Nephrology",Oxabact OC5 capsules | Placebo capsules,Completed,Phase 1/Phase 2,28,Actual,FALSE
677,109,NCT02034279,Bonn Frankfurt Heidelberg Munich Tübingen Ulm,Bonn Frankfurt Heidelberg Munich Tübingen Ulm,1,10.1016/j.cgh.2019.07.055 ,https://pubmed.ncbi.nlm.nih.gov/31394283/,yes,05.08.2019,no,,,HK,The INFECIR-2 Albumin Prevention Study,"Albumin Administration in the Prevention of Hepatorenal Syndrome and Death in Patients With Cirrhosis, Bacterial Infections Other Than Spontaneous Bacterial Peritonitis and High Risk of Hospital Mortality",2014-01-07,2014-05-31,Actual,2017-02-10,Actual,Matthias Dollinger,"University of Ulm, Heidelberg and Tübingen, Germany",Albumin,Terminated,Phase 4,136,Actual,FALSE
282,198,NCT01836588,Charite,Charite,0,,,no,,no,,,HK,New Gentle Biopsy Method of Cervix Lesions Using Superficial Curettage/Protocol ID: CX-CUR,,2013-03-13,2013-03-31,,2014-04-30,Anticipated,"Achim Schneider, Prof. Dr., MPH","Charité University Berlin, Germany",conventional cervix biopsy,Unknown status,N/A,300,Actual,FALSE
292,228,NCT01370044,Charite,Charite,0,,,no,,no,,"Recruitment Status : Terminated (results of interim analysis (not safety relevant)) [First Posted : June 9, 2011]",HK,Carbon Dioxide (Carbogen) for the Treatment of Febrile Seizures,Carbon Dioxide (Carbogen) for the Treatment of Febrile Seizures,2011-05-20,2012-08-31,,2015-06-30,Actual,Markus Schülke-Gerstenfeld,Charite - NeuroCure,Carbogen | Placebo,Terminated,Phase 2/Phase 3,96,Actual,FALSE
706,224,NCT01440062,Charite,Charite,1,10.1177/2055217320903474 ,https://pubmed.ncbi.nlm.nih.gov/32047645/,yes,24.01.2020,no,,,HK,Efficacy of Vitamin D Supplementation in Multiple Sclerosis (EVIDIMS),Phase II Study of Efficacy of Vitamin D Supplementation in Multiple Sclerosis,2011-09-19,2011-12-31,,2017-06-30,Actual,"Jan-Markus Dörr, Dr.",Charite,Verum arm receiving Vitamin D oil | low dose arm receiving neutral oil and 400 IU/g of Vitamin D every second day,Terminated,Phase 2,55,Actual,FALSE
719,258,NCT00772655,Charite,Charite,1,10.1200/JCO.2011.41.1553 ,https://pubmed.ncbi.nlm.nih.gov/23233718/,yes,10.12.2012,no,,"Recruitment Status : Unknown [First Posted : October 15, 2008]",HK,Zevalin® First Line in Follicular Lymphoma,Multicenter European Pilot Study of 90Yttrium-Ibritumomab Tiuxetan as First Line Therapy for Stage III - IV Follicular Lymphoma (and Selected Patients With Extended Stage II) Followed by Consolidation Rituximab for Patients in Complete Remission But With Persistent Molecular Disease,2008-10-14,2007-10-31,,2015-06-30,Anticipated,"Antonio Pezzutto, Prof.","Dept. of Hematology, Charité Berlin, Germany",90Yttrium-Ibritumomab Tiuxetan (Zevalin®)+Rituximab | Rituximab,Unknown status,Phase 2,60,Anticipated,FALSE
939,203,NCT01801280,Charite,Charite,2,10.1111/bcp.12664,https://bpspubs.onlinelibrary.wiley.com/doi/full/10.1111/bcp.12664,yes,24.04.2015,no,,,HK,Influence of Pantoprazole on the Bioavailability of MMF and EC-MPS,Pharmacokinetic Cross-over Study to Evaluate the Influence of Pantoprazole on MPA Bioavailability Administered as Mycophenolate Mofetil and Enteric Coated Mycophenolate Sodium in Maintenance Renal Transplant Patients,2013-02-13,2012-01-31,,2014-03-31,Actual,"Klemens Budde, Prof Dr","Charite University, Berlin, Germany",Mycophenolate sodium | Pantoprazole | Mycophenolate mofetil,Completed,Phase 4,20,Actual,TRUE
1115,121,NCT02930590,Charite,Charite,3,10.1111/iwj.12883,https://onlinelibrary.wiley.com/doi/abs/10.1111/iwj.12883,yes,26.12.2017,no,,,HK,Effects of Different Support Surfaces on the Properties Skin After Loading,Comparing the Effects of Three Different Support Surfaces on the Properties of Heel and Sacral Skin After Loading,2016-09-26,2016-09-30,Actual,2017-03-31,Actual,"Jan Kottner, PD Dr.","Charite University, Berlin, Germany",Alternating low pressure mattress with air loss function | Gel mattress | Basic foam,Completed,N/A,15,Actual,TRUE
332,311,NCT02476370,Duisburg,Duisburg-Essen,0,,,no,,no,,,HK,Effects of Preoperative Relaxation and Intensified Surgery Education in Patients Undergoing Herniotomy,Effects of Preoperative Relaxation and Intensified Surgery Education on Preoperative Wellbeing and Postoperative Complaints in Patients Undergoing Herniotomy - a Randomized Controlled Trial,2015-06-16,2015-06-30,,2017-06-30,Anticipated,"Gustav Dobos, Prof, MD","Department of Internal and Integrative Medicine, Kliniken Essen-Mitte, University of Duisburg-Essen",relaxation program | surgery education,Unknown status,N/A,108,Anticipated,FALSE
1133,349,NCT02517775,Düsseldorf,Düsseldorf,3,,,,01.01.2018,yes,Dissertation! https://docserv.uni-duesseldorf.de/servlets/DerivateServlet/Derivate-50771/Boschek%2C%20Lisa%20Charlotte_Dissertation.pdf,,HK,Effects of Cranberry Consumption in Vascular Function in Healthy Individuals,Intake and Time-dependent Effects of Cranberry (Poly)Phenol Consumption in Vascular Function in Healthy Individuals,2015-07-08,2014-10-31,,2015-09-30,Actual,,,Cranberry 320 | Cranberry 640 | Cranberry 960 | Cranberry 1280 | Cranberry 1600 | Cranberry deprived supplement,Completed,N/A,10,Actual,FALSE
755,371,NCT02992236,Erlangen,yes,3,10.1111/bcp.13870,https://www.ncbi.nlm.nih.gov/pmc/articles/PMC6475696/ ,yes,28.02.2019,no,,Undated poster: https://www.postersessiononline.eu/173580348_eu/congresos/54ERA/aula/-MP_89_54ERA.pdf ,TB,Effects of the NO-synthase Inhibitor VAS203 on Renal Function in Healthy Volunteers,Effects of the NO-synthase Inhibitor VAS203 on Renal Function in Healthy Volunteers,2016-12-07,2015-08-31,,2016-11-30,Actual,"Roland E Schmieder, Prof. Dr.",Universitätsklinik Erlangen,VAS203 | Saline,Completed,Phase 1,16,Actual,TRUE
1134,373,NCT02684656,Erlangen,yes,3,10.1016/j.ekir.2017.06.002,https://www.ncbi.nlm.nih.gov/pmc/articles/PMC5733827/ ,yes,08.06.2017,no,,,TB,Reduction of Oxalate and Inflammation by Hemodiafiltration vs. Hemodialysis,Pilot Study of Lowering Plasma Oxalate With Hemodiafiltration to Reduce Systemic Inflammation in Patients With End-Stage Renal Disease (ESRD),2016-02-09,2016-02-29,Actual,2016-09-30,Actual,"Felix Knauf, MD","University Erlangen-Nuremberg, Germany",Hemodialysis | Hemodiafiltration,Completed,N/A,14,Actual,FALSE
372,421,NCT02081053,Frankfurt,yes,0,,,,,,,"Also: Bonn, Koeln, Magdeburg",TB,Evaluating Clinical Outcomes of Targeted Radiofrequency Ablation and Kyphoplasty (Also Known as Vertebral Augmentation) to Treat Painful Metastatic Vertebral Body Tumors,"A Prospective, Multicenter Clinical Study to Evaluate the Clinical Outcomes of Targeted Radiofrequency Ablation and Vertebral Augmentation to Treat Painful Metastatic Vertebral Body Tumor(s)",2014-03-04,2014-01-31,,2016-11-30,Actual,"Thomas Vogl, MD",Goethe-Universität Frankfurt am Main,STAR™ Tumor Ablation System and StabiliT® Vertebral Augmentation System,Terminated,N/A,30,Actual,FALSE
777,436,NCT01569412,Frankfurt,yes,1,10.1186/s12885-016-2449-0,https://pubmed.ncbi.nlm.nih.gov/27387446/ ,yes,07.07.2016,no,,,TB,"Open Label, Dose Escalating Study With Ertumaxomab In Patients With HER-2/Neu Expressing Advanced Solid Tumors","Phase I/II, Open Label, Dose Escalating Study To Investigate Safety, Tolerability, And Preliminary Efficacy Of The Trifunctional Anti-HER-2/Neu x Anti-CD3 Antibody Ertumaxomab In Patients With HER-2/Neu Expressing (1+/SISH Positive, 2+ and 3+) Solid Tumors Progressing After Standard Therapy",2012-03-09,2012-03-31,,2016-05-31,Actual,"Salah-Eddin Al-Batran, MD","Institute of Clinical Cancer Research (IKF), UCT - University Cancer Center, Frankfurt, Germany",Ertumaxomab,Terminated,Phase 1/Phase 2,14,Actual,FALSE
1152,430,NCT01724879,Frankfurt,yes,3,,https://www.clinicaltrialsregister.eu/ctr-search/trial/2010-022854-18/results ,no,09.04.2020,no,,SUMMARY RESULTS on EudraCT 2010-022854-18,TB,Study of Frontline Dasatinib Plus Chemotherapy in Philadelphia Chromosome Positive Acute Lymphoblastic Leukemia (PH+ALL),Open Label Phase II Study to Evaluate the Safety of Standard Induction and Consolidation Therapy in Combination With Dasatinib in Newly Diagnosed Adult Patients With Philadelphia Chromosome Positive Acute Lymphoblastic Leukemia (PH+ALL),2012-02-03,2011-11-30,,2015-09-30,Actual,"Nicola Gökbuget, Dr.med",Johann Wolfgang Goethe University Hospital,Dasatinib,Completed,Phase 2,19,Actual,FALSE
1153,438,NCT01564004,Frankfurt,yes,3,10.1155/2012/626740,https://www.ncbi.nlm.nih.gov/pmc/articles/PMC3388481/ ,yes,21.06.2012,no,,,TB,Clinical Hypnosis Before External Cephalic Version (ECV),Clinical Hypnosis Versus Neuro-linguistic Programming Before External Cephalic Version (ECV) - a Prospective Off-centre Randomised Controlled Trial,2012-03-24,2011-02-28,,2014-09-30,Anticipated,,,Clinical hypnosis or neuro-linguistic programming,Unknown status,N/A,716,Anticipated,FALSE
1280,442,NCT01462838,Frankfurt,no,9,,,,,,,,TB,Immune Therapy of HPV-induced Cancers,Phase I/IIa Study of Immunization With a p16INK4a Peptide Combined With MONTANIDE ISA-51 VG in Patients With Advanced HPV-associated Cancers,2011-10-25,2011-08-31,,2015-05-31,Actual,"Elke Jäger, Prof. Dr.",Krankenhaus Nordwest Frankfurt,P16_37-63,Completed,Phase 1/Phase 2,26,Actual,FALSE
783,460,NCT01466179,Frankfurt Munich Würzburg,no,2,10.1016/S1470-2045(15)70154-3,https://pubmed.ncbi.nlm.nih.gov/25524800/ ,yes,16.12.2014,no,, Only Frankfurt and Würzburg (not Munich),TB,Clinical Study With Blinatumomab in Patients With Relapsed/Refractory B-precursor Acute Lymphoblastic Leukemia (ALL),"An Open Label, Multicenter, Phase II Study to Evaluate Efficacy and Safety of the BiTE® Antibody Blinatumomab in Adult Patients With Relapsed/Refractory B-precursor Acute Lymphoblastic Leukemia (ALL)",2011-10-28,2011-12-31,,2017-01-31,Actual,"Nicola Gökbuget, MD",Klinikum der Goethe Universität Frankfurt,Blinatumomab,Completed,Phase 2,225,Actual,TRUE
1159,464,NCT02503293,Freiburg,yes,3,,https://www.clinicaltrialsregister.eu/ctr-search/trial/2014-003746-27/results ,no,16.02.2019,no,,"SUMMARY RESULTS, ISRCTN55938644, EudraCT 2014-003746-27",TB,A Study to Compare Quality of Life and Satisfaction in Primary Immunodeficient Patients Treated With Subcutaneous Injections of Gammanorm® 165 mg/mL Administered With Two Different Delivery Devices: Injections Using Pump or Rapid Push,"A Randomised, Cross-over Study to Compare Quality of Life and Satisfaction in Primary Immunodeficient Patients Treated With Subcutaneous Injections of Gammanorm® 165 mg/mL Administered With Two Different Delivery Devices: Injections Using Pump or Rapid Push",2015-07-01,2015-07-29,Actual,2017-12-11,Actual,"Klaus Warnatz, MD","Centre of Chronic Immunodeficiency, University Medical Centre Freiburg, Breisacher",Chrono Super PID then Generic Syringe-Gammanorm | Generic Syringe then Chrono Super PID-Gammanorm,Completed,Phase 4,30,Actual,FALSE
1160,466,NCT02369848,Freiburg,yes,3,10.1002/ccd.27943,https://onlinelibrary.wiley.com/doi/10.1002/ccd.27943 ,yes,25.11.2018,no,,Also University Leipzig Medical Centre,TB,Shockwave Lithoplasty DISRUPT Trial for PAD (DISRUPT PAD 2),Shockwave Lithoplasty DISRUPT Trial for PAD (DISRUPT PAD 2),2015-02-09,2015-06-30,Actual,2016-12-31,Actual,"Thomas Zeller, MD",Universitäts-Herzzentrum Freiburg & Bad Krozingen,Shockwave Lithoplasty System,Completed,N/A,60,Actual,TRUE
1165,476,NCT01394354,Freiburg,yes,3,10.3324/haematol.2018.189969,https://haematologica.org/article/view/8642 ,yes,01.10.2018,yes,Different trial acronym,DRKS00003074,TB,"Vorinostat in Combination With Bortezomib, Doxorubicin and Dexamethasone (VBDD) in Patients With Refractory or Relapsed Multiple Myeloma (MM)","Safety of Vorinostat in Combination With Bortezomib, Doxorubicin and Dexamethasone (VBDD) in Patients With Refractory or Relapsed Multiple Myeloma, A Phase I/II Study, Short Title: VBDD",2011-06-21,2011-08-31,,2015-12-31,Actual,"Monika Engelhardt, MD",University of Freiburg Medical School,Dexamethasone | Vorinostat | Bortezomib | Doxorubicin,Completed,Phase 1/Phase 2,34,Actual,FALSE
794,494,NCT01103284,Giessen,yes,3,,https://www.clinicaltrialsregister.eu/ctr-search/trial/2009-015929-37/results ,no,16.07.2016,no,,No journal article or non-registry publication found,TB,,"A Phase 3, Multinational, Randomized, Double-Blind, Placebo-Controlled, Parallel-Group Study to Investigate the Clinical Efficacy and Safety of DiaPep277 in Newly Diagnosed Type 1 Diabetes Subjects",2010-04-13,2010-04-30,,2014-10-31,Actual,"Thomas Linn, MD",University of Giessen,DiaPep277 | Placebo,Completed,Phase 3,475,Actual,TRUE
1173,506,NCT00865969,Göttingen Halle Mainz Marburg Ulm,yes,3,10.1200/JCO.2014.59.2782,https://www.ncbi.nlm.nih.gov/pmc/articles/PMC5087312/ ,yes,22.06.2015,no,,"Many more study sites, see here https://clinicaltrials.gov/ct2/show/NCT00865969 Also EUCTR 2008-005843-40",TB,Belinostat in Relapsed or Refractory Peripheral T-Cell Lymphoma,"A Multicenter, Open-Label Trial of Belinostat in Patients With Relapsed or Refractory Peripheral T-Cell Lymphoma",2009-03-19,2008-12-31,,2014-10-31,Actual,"Lorenz Trümper, MD","Universität Göttingen, Abteilung Hämatologie und Onkologie, Göttingen, Germany",PXD101,Completed,Phase 2,129,Actual,FALSE
1176,516,NCT02509559,Greifswald,yes,3,,https://epub.ub.uni-greifswald.de/frontdoor/deliver/index/docId/1611/file/diss_jaworek_anna.pdf ,no,2015 - two dates,no,,PhD - submission and acceptance date,TB,Effects of Propranolol (vs. Placebo) on Information Processing During Presentation of Emotionally Arousing Pictures,Effects of Propranolol (vs. Placebo) on Information Processing During Presentation of Emotionally Arousing Pictures After Single Dose (80 mg) Administration and Relationships Between ß1- and ß2-adrenoreceptors Genotype and Both the Information Processing and the Propranolol Effects in 64 Healthy Male Subjects,2015-06-30,2013-10-31,,2015-01-31,Actual,,,propranololhydrochloride | placebo | Net Station® System and compatible Geodesic Sensor Nets® | VITAPORT | ergoselect II 100/200 | SpiroScout | Mobil-O-Graph® PWA | Saliva collection,Completed,Phase 1,8,Actual,FALSE
1191,536,NCT01200121,Halle,yes,3,10.1016/j.ejca.2016.05.004,https://www.sciencedirect.com/science/article/abs/pii/S0959804916321268 ,yes,15.06.2016,no,, EudraCT 2009-014725-16,TB,Bevacizumab as a Palliative Treatment for Patients With Symptomatic Malignant Ascites Due to Advanced-stage Gastrointestinal Cancers,"Double-blind, Placebo-controlled, Randomized Phase II-study Investigating the Efficacy of Bevacizumab for Symptom Control in Patients With Malignant Ascites Due to Advanced-stage Gastrointestinal Cancers",2010-09-09,2010-02-28,,2014-12-31,Actual,"Karin Jordan, Dr. med.",Universitätslinikum der Martin-Luther Universität Halle-Wittenberg,Bevacizumab | Placebo,Completed,Phase 2,53,Actual,FALSE
417,580,NCT01872052,Hamburg,yes,0,,,,,,,,TB,Dipole Density Right Atrial Mapping and Assessment of Therapy In Cavotricuspid Isthmus Flutter,Dipole Density Right Atrial Mapping and Assessment of Therapy In Cavotricuspid Isthmus Flutter,2013-05-02,2013-03-31,,2014-08-31,Actual,"Stephan Willems, MD",Universitätsklinikum Hamburg-Eppendorf,Acutus Medical System Mapping,Completed,N/A,9,Actual,FALSE
822,574,NCT01994928,Hamburg,yes,1,10.4187/respcare.04413,https://pubmed.ncbi.nlm.nih.gov/27274092/ ,yes,07.06.2016,no,,,TB,Preoxygenation in the Intensive Care Unit Using a Nose-mouth Mask Versus High-flow Nasal Cannula Oxygen.,Prospective Randomised Study on Preoxygenation in the Intensive Care Unit Using a Nose-mouth Mask Versus High Flow Nasal Cannula Oxygen.,2013-11-20,2013-11-30,,2014-11-30,Actual,,,Nose-mouth mask | High flow nasal cannula oxygen | Intubation,Completed,N/A,40,Actual,FALSE
823,579,NCT01879111,Hamburg,yes,1,10.1192/bjp.bp.116.184168,https://www.cambridge.org/core/journals/the-british-journal-of-psychiatry/article/depression-screening-with-patienttargeted-feedback-in-cardiology-depscreeninfo-randomised-clinical-trial/51576167758C2532B495D52DCE083DAA ,yes,02.01.2018,no,,,TB,Increasing the Efficiency of Depression-screening Using Patient-targeted Feedback,Increasing the Efficiency of Depression-screening Using Patient-targeted Feedback: Randomized Controlled Trial,2013-06-12,2011-10-31,,2014-05-31,Actual,"Bernd Loewe, MD",Universitätsklinikum Hamburg-Eppendorf,patient-targeted feedback,Completed,N/A,4151,Actual,FALSE
830,596,NCT01405417,Hamburg,yes,1,,https://pubmed.ncbi.nlm.nih.gov/23665071/,yes,09.05.2013,no,,,TB,Endoscopic Peroral Myotomy for Treatment of Achalasia,Endoscopic Peroral Myotomy for Treatment of Achalasia: Multicenter Study,2011-05-26,2011-04-30,Actual,2017-09-30,Actual,"Thomas Roesch, Prof. Dr.",Universitätsklinikum Hamburg-Eppendorf,Endoscopic Peroral Myotomy,Terminated,N/A,70,Actual,FALSE
1198,562,NCT02297334,Hamburg,yes,3,,https://ediss.sub.uni-hamburg.de/volltexte/2019/9543/pdf/Dissertation.pdf ,no,2018 or 2019,no,,"PhD thesis, submitted 2018, accepted 15.01.2019",TB,Removal of Cytokines During Extracorporeal Circulation in Cardiac Surgery,Reduction of Inflammation Reaction to Extracorporeal Circulation in Cardiac Surgery by Interleukin Dialysis,2014-10-08,2013-09-30,,2017-08-31,Actual,"Jens C. Kubitz, MD PhD",Department of Anaesthesiology Center of Anaesthesiology and Intensive Care Medicine University Medical Center Hamburg-Eppendorf University of Hamburg,CytoSorb device,Completed,N/A,40,Actual,FALSE
1202,577,NCT01900327,Hamburg,yes,3,10.1186/1471-2407-14-411,https://www.ncbi.nlm.nih.gov/pmc/articles/PMC4057592/ ,yes,07.06.2014,no,,"DRKS00003893, ISRCTN82191749",TB,Neoadjuvant Treatment in Resectable Pancreatic Cancer,"Sequential Neoadjuvant Chemoradiotherapy (CRT) Followed by Curative Surgery vs. Primary Surgery Alone for Resectable, Non-metastasized Pancreatic Adenocarcinoma",2013-06-27,2014-02-28,,2017-07-31,Actual,"Jakob R Izbicki, MD, FACS",Universitätsklinikum Hamburg-Eppendorf,External Beam Radiation | Gemcitabine neoadjuvant | Surgery | Gemcitabine adjuvant,Terminated,Phase 3,32,Actual,FALSE
1208,605,NCT00711230,Hamburg,yes,8,,http://www.hivandhepatitis.org/2010_conference/AIDS2010/docs/post/lunzen.pdf ,no,2010?,no,,PP presentation,TB,Repeated DermaVir Immunizations in HIV-1 Infected Treatment-naïve Patients,"A Phase II Randomized, Placebo-Controlled, Multi-Center Study to Evaluate the Safety, Tolerability, Immunogenicity, and Antiretroviral Activity of DermaVir Patch (LC002) in Treatment-Naïve HIV-1-Infected Patients",2008-07-04,2008-04-30,,2015-01-01,Actual,"Jan Van Lunzen, PhD, MD",Universitätsklinikum Hamburg-Eppendorf,DermaVir | Placebo,Completed,Phase 2,36,Actual,FALSE
1288,591,NCT01522209,Hamburg,no,9,,,,,,,,TB,Detection Rate of Liver Metastases With Contrast Enhanced Intraoperative Ultrasound Compared to Regular Imaging,"Value of Contrast Enhanced Intraoperative Ultrasound Compared to Preoperative CEUS, CT and MRT in the Treatment of Colorectal Liver Metastases.",2012-01-03,2011-12-31,,2015-01-31,Actual,"Gregor A Stavrou, Dr.med","Dpt. of General and Visceral Surgery, Asklepios Hospital Barmbek, Hamburg, Germany",Liver Surgery | Contrast Enhanced Ultrasound | CT Scan (standard) | Primovist MRI (3 Tesla),Completed,N/A,59,Actual,FALSE
84,628,NCT01905475,Hannover,Hannover,0,,,,,,,,EN,CXCR4 Antagonism for Cell Mobilisation and Healing in Acute Myocardial Infarction (CATCH-AMI),"CXCR4 AnTagonism for Cell Mobilisation and Healing in Acute Myocardial Infarction (CATCH-AMI). A Phase IIa, Double-Blind, Placebo-Controlled, Randomised, Multi-centre Study of POL6326, a CXCR4 Antagonist, in Patients With Large Reperfused ST Elevation Myocardial Infarction",2013-07-18,2013-07-31,,2016-06-30,Actual,"Kai C. Wollert, MD",Hannover Medical School,POL6326 | Placebo,Completed,Phase 2,120,Actual,FALSE
97,684,NCT01665885,Heidelberg,Heidelberg,0,,,,,,,,EN,Hypothermia in Acute Ischemic Stroke - Surface Versus Endovascular Cooling (HAIS-SE),HAIS-SE (Hypothermia in Acute Ischemic Stroke - Surface Versus Endovascular Cooling): A Randomized Trial Comparing Surface Versus Endovascular Cooling in Awake Stroke Patients Treated With Thrombolysis,2012-08-13,2012-08-31,,2015-11-30,Anticipated,"Sven Poli, Dr. med.",University Hospital Heidelberg,ZOLL Thermogard XP | BARD/Medivance Arctic Sun 5000,Unknown status,Phase 2,60,Anticipated,FALSE
536,679,NCT01850875,Heidelberg,Heidelberg,1,10.3389/fpsyt.2016.00201 ,https://pubmed.ncbi.nlm.nih.gov/28066274/,yes,20.12.2016,no,,,EN,Eye Movement Desensitization and Reprocessing (EMDR) in Non-specific Chronic Back Pain,"Localized and Generalized Musculoskeletal Pain: Psychobiological Mechanisms and Implications for Treatment (LOGIN) - Subgroups Characterized by Psychological Trauma, Mental Comorbidity, and Psychobiological Patterns and Their Specialized Treatment - Eye Movement Desensitization and Reprocessing (EMDR) in Non-specific Chronic Back Pain",2013-04-23,2013-05-31,,2015-12-31,Actual,"Wolfgang Eich, Prof. Dr.",University Hospital Heidelberg,Eye-Movement-Desensitization-Reprocessing,Completed,N/A,40,Actual,FALSE
547,703,NCT01216696,Heidelberg,Heidelberg,1,10.1016/j.ejca.2017.12.001 ,https://pubmed.ncbi.nlm.nih.gov/29306769/,yes,05.01.2018,no,,,EN,Ipilimumab in Patients With Advanced Melanoma and Spontaneous Preexisting Immune Response to NY-ESO-1,Phase II Trial of Ipilimumab in Patients With Advanced Melanoma and Spontaneous Preexisting Immune Response to NY-ESO-1,2010-09-27,2010-11-30,,2016-08-31,Actual,"Dirk Jäger, MD","NCT Heidelberg, Dep. of Medical Oncology",ipilimumab,Completed,Phase 2,25,Actual,FALSE
882,650,NCT03789448,Heidelberg,Heidelberg,8,10.1002/jia2.25547,https://onlinelibrary.wiley.com/doi/full/10.1002/jia2.25547,no,10.07.2020,,,Other: conference abstract (23rd International AIDS Conference),EN,Early Access to ART for All in Swaziland: Effects on Economic Outcomes,MaxART: The Effect of Early Access to ART for All in Swaziland on Economic Outcomes,2018-12-16,2014-09-01,Actual,2017-08-31,Actual,,,Early Access to ART for All,Completed,N/A,3019,Actual,FALSE
1041,706,NCT01166308,Heidelberg,Heidelberg,8,10.1200/JCO.2019.37.15_suppl.2059 ,https://ascopubs.org/doi/abs/10.1200/JCO.2019.37.15_suppl.2059,no,26.05.2019,,,Other: abstract (2019 ASCO Annual Meeting),EN,Carbon Ion Radiotherapy for Recurrent Gliomas,Randomised Phase I/II Study to Evaluate Carbon Ion Radiotherapy Versus Fractionated Stereotactic Radiotherapy in Patients With Recurrent or Progressive Gliomas: The CINDERELLA Trial,2010-07-19,2010-12-31,Actual,2016-04-30,Actual,,,Carbon Ion Radiotherapy | Fractionated Stereotactic Radiotherapy (FSRT),Completed,N/A,56,Actual,FALSE
1043,710,NCT01071837,Heidelberg,Heidelberg,8,10.1200/jco.2014.32.15_suppl.2006,https://ascopubs.org/doi/abs/10.1200/jco.2014.32.15_suppl.2006,no,20.05.2014,,,Other: abstract (2014 ASCO Annual Meeting),EN,APG101 in Glioblastoma,"A Phase II, Randomized, Open-label, Multi-centre Study of Weekly APG101 + Reirradiation Versus Reirradiation in the Treatment of Patients With First or Second Progression of Glioblastoma",2010-02-18,2009-12-31,,2014-10-31,Actual,"Wolfgang Wick, MD","University Hospital Heidelberg, Dept. of Neurooncology, Germany",APG101 | Blood drawing,Completed,Phase 2,84,Actual,FALSE
989,826,NCT01002703,Leipzig,Leipzig,3,10.1007/s00432-017-2504-5 ,https://pubmed.ncbi.nlm.nih.gov/28828689/,yes,21.08.2017,no,,,SW,"Treatment With Lenalidomide, Bendamustine and Prednisone (RBP) in Patients With Relapsed or Refractory Multiple Myeloma","Treatment With Lenalidomide, Bendamustine and Prednisone (RBP) in Patients With Relapsed or Refractory Multiple Myeloma After Autologous Stem Cell Transplantation or Conventional Chemotherapy OSHO #077",2009-10-23,2009-09-30,,2014-10-31,Anticipated,,,"Lenalidomide, Bendamustine, Prednisone",Unknown status,Phase 1/Phase 2,50,Anticipated,FALSE
462,854,NCT02647801,Mainz,Mainz,9,10.1037/emo0000562 ,https://pubmed.ncbi.nlm.nih.gov/30570315/,yes,20.12.2018,no,,was excluded after affiliation check for IRR1 - as department of psychology not part of the medical faculty in Mainz,SW,Self-control and Mindfulness Within Ambulatorily Assessed Network Systems Across Health Related Domains,The SMASH Study: Self-control and Mindfulness Within Ambulatorily Assessed Network Systems Across Health Related Domains,2015-12-15,2015-09-30,,2016-12-31,Actual,"Mario Wenzel, Dipl. Psych.","Department of Psychology, Johannes Gutenberg University Mainz",Mindfulness intervention,Completed,N/A,137,Actual,FALSE
855,867,NCT01995292,Mainz,Mainz,2,10.1111/anae.13496,https://onlinelibrary.wiley.com/doi/full/10.1111/anae.13496,yes,06.05.2016,no,,,SW,Comparison of Two Different Types of Spray as You go Technique for Awake Fiberoptic Intubation,Comparative Clinical Trial of Conventional and Modified Spray as You go Technique With the Enk Fiberoptic Atomizer Set for Awake Fiberoptic Intubation (Atomizer Study),2013-11-01,2013-10-31,,2014-10-31,Actual,,,bronchoscope | Enk Fiberoptic Atomizer,Completed,N/A,100,Actual,FALSE
994,848,NCT03019718,Mainz,Mainz,3,10.2196/12285,https://www.ncbi.nlm.nih.gov/pmc/articles/PMC6604507/,yes,18.06.2019,no,,,SW,Implementation of the Internet-based Aftercare Program 'GSA-Online Plus',Implementation of the Online Aftercare Intervention 'GSA-Online Plus' (Healthy and Without Stress at the Workplace),2017-01-06,2016-07-31,Actual,2017-10-31,Actual,"Manfred E. Beutel, Prof. Dr.","University Medical Center, Department of Psychosomatic Medicine and Psychotherapy, Johannes Gutenberg University Mainz",GSA-Online plus,Completed,N/A,88,Actual,FALSE
42,898,NCT02675816,Mannheim Munich,mannheim Munich,0,,,,,,,,SW,Inspire® Upper Airway Stimulation System,Inspire® Upper Airway Stimulation System: Randomized Control Trial / European Post-Market Study,2016-01-28,2015-08-31,,2016-07-31,Actual,"Clemens Heiser, Dr. med.",Klinikum rechts der Isar der Technischen Universität München,Inspire® Upper Airway Stimulation (UAS) System,Terminated,Phase 4,16,Actual,FALSE
157,925,NCT03120156,Munich,LMU,0,,,,,,,,NR,Effects of Sensomotoric Insoles on Postural Control in Elderly People,Effects of Sensomotoric Insoles on Postural Control in Elderly People - a Prospective Randomized Controlled Trial,2017-03-30,2017-07-01,Actual,2017-10-27,Actual,,,sensomotoric insoles | normal standard insoles | No insoles,Completed,N/A,17,Actual,FALSE
610,938,NCT02594930,Munich,TU,1,10.1055/a-1034-0923,,yes,28.10.19,no,,,NR,Comparison of Two Different Techniques of Synovial Biopsy and Resistances of Cutaneous Smears in Suspected PPI,Comparison of Directed Versus Undirected Synovial Biopsy in Culture-negative Periprosthetic Joint Infections (With Preoperative Smears From the Skin) of the Knee and Evaluation of Outcome After Revision Joint Arthroplasty,2015-10-31,2015-09-30,,2017-11-30,Anticipated,"Ruediger Eisenhart-Rothe, Prof.","Klinikum rechts der Isar, TU Munich",synovial biopsy of total knee arthroplasty,Unknown status,N/A,30,Anticipated,FALSE
621,968,NCT02121704,Munich,TU,1,10.1055/s-0042-110933  ,,yes,21.07.16,no,,,NR,Magnetic Endoscope Imaging in Colonoscopy: Influence on Propofol Dosage,,2014-04-15,2014-05-31,,2015-11-30,Actual,"Peter Klare, MD","II. Medizinische Klinik, Klinikum rechts der Isar der Technischen Universität München, Germany",Magnetic Endoscope Imaging (Scope Guide),Completed,N/A,334,Actual,FALSE
1088,972,NCT02059369,Munich,TU,2,10.1111/jce.13206  ,,yes,21.04.17,no,,,NR,Ablation of Complex Fractionated Electrograms With or Without Additional Linear Lesions for Persistent Atrial Fibrillation,Ablation of Complex Fractionated Electrograms With or Without Additional Linear Lesions for Persistent Atrial Fibrillation,2013-05-23,2012-08-31,,2014-12-31,Actual,,,"PVI+CFAE+DCC | PVI, CFAE, anterior and roof line, DCC",Completed,N/A,90,Anticipated,FALSE
1091,982,NCT01897558,Munich,TU,2,10.1038/s41598-018-23209-5 ,,yes,20.03.18,no,,,NR,Myocardial Micro-damage in Relation to Active and Passive Fixation Pacemaker Electrodes,Effect of Passive Versus Active Fixation Leads on the Magnitude of Troponin Release After Pacemaker Implantation (PACMAN Trial),2013-05-02,2013-04-30,,2014-12-31,Actual,"Christof Kolb, MD",Deutsches Herzzentrum München,Pacemaker implantation,Completed,N/A,290,Anticipated,FALSE
1009,1054,NCT02227550,Münster,Münster,3,10.1093/eurheartj/ehy176,https://pubmed.ncbi.nlm.nih.gov/29579168/,yes,21.08.2018,no,,,SW,Apixaban During Atrial Fibrillation Catheter Ablation: Comparison to Vitamin K Antagonist Therapy,"An Investigator-driven, Prospective, Parallel-group, Randomised, Open, Blinded Outcome Assessment (PROBE), Multi-centre Trial to Determine the Optimal Anticoagulation Therapy for Patients Untergoing Catheter Ablation of Atrial Fibrillation",2014-06-27,2014-12-31,,2017-09-30,Actual,"Paulus Kirchhof, Professor","University of Birmingham Centre for Cardiovascular Scienes, UK and University Hospital Muenster, Germany",Vitamin K antagonist | Apixaban,Completed,Phase 4,676,Actual,FALSE
1011,1057,NCT01970384,Münster,Münster,3,10.1002/ana.25151 ,https://pubmed.ncbi.nlm.nih.gov/29350775/,yes,06.02.2018,no,,,SW,Transcranial Direct Current Stimulation for Dysphagia Therapy in Acute Stroke Patients,Transcranial Direct Current Stimulation for Dysphagia Therapy in Acute Stroke Patients,2013-10-22,2012-06-30,,2014-12-31,Actual,"Rainer Dziewas, PhD","Department of Neurology, University of Muenster",Transcranial direct current stimulation | Sham stimulation,Completed,N/A,60,Actual,FALSE
490,1081,NCT02306447,Regensburg,Regensburg,1,10.3389/fnins.2018.00068 ,https://pubmed.ncbi.nlm.nih.gov/29515350/,yes,20.02.2018,no,,,SW,Combined Transcranial and Peripheral Muscle Magnetic Stimulation in Chronic Tinnitus,Combined Transcranial and Peripheral Muscle Magnetic Stimulation in Chronic Tinnitus,2014-12-01,2014-08-31,,2016-04-30,Actual,"Berthold Langguth, MD, PhD","Department of Psychiatry, University of Regensburg, Germany",rPMS and rTMS,Completed,N/A,54,Actual,FALSE
1014,1076,NCT02508220,Regensburg,Regensburg,3,10.3389/fneur.2017.00494,https://www.ncbi.nlm.nih.gov/pmc/articles/PMC5613090/,yes,21.09.2017,no,,,SW,Short-term Effects of Oxytocin Nasal Spray on Chronic Tinnitus,Short-term Effects of Oxytocin Nasal Spray on Chronic Tinnitus,2015-03-18,2015-07-31,,2015-11-30,Actual,,,Syntocinon | Placebo,Completed,N/A,15,Actual,FALSE
67,1120,NCT02631798,Schleswig-Holstein,Schleswig-Holstein,0,,,,,,,Patent? https://patents.google.com/patent/AU2017253527A1/en,SW,Chromocolonoscopy With Food-grade Dyes,Mucosal Staining After Oral Administration of Food Grade Dyes in Subjects Undergoing Outpatients Colonoscopy,2015-12-04,2015-12-31,,2016-07-31,Anticipated,"Mark Ellrichmann, MD","University Hospital Schleswig-Holstein, Campus Kiel",Food grade dye mucosal staining,Unknown status,N/A,30,Anticipated,FALSE
134,1211,NCT01919866,Tübingen,Tübingen,0,,,,,,,"many similar papers out there, but none really fitted",MH,Safety Study of CD3/CD19 Depleted Haploidentical Stem Cells,Haploidentical Stem Cell Transplantation With CD3/CD19 Depleted Stem Cells in Pediatric Patients With Refractory Hematological and Oncological Diseases,2013-08-07,2004-03-31,,2015-12-31,Anticipated,"Peter Lang, MD",University Children’s Hospital Tuebingen,Transplantation of CD3/CD19 depleted stem cells,Unknown status,Phase 1/Phase 2,120,Anticipated,FALSE
139,1224,NCT01683864,Tübingen,Tübingen,0,,,,,,,terminated,MH,Randomized Controlled Trial to Prevent Peritoneal Seeding in Gastric Cancer,Randomized Controlled Trial to Prevent Peritoneal Seeding in Gastric Cancer,2012-09-06,2012-09-30,,2015-05-31,Actual,"Alfred Königsrainer, MD",University Hospital Tuebingen,positive cytology with HIPEC,Terminated,Phase 2/Phase 3,3,Actual,TRUE
896,1178,NCT02727556,Tübingen,Tübingen,2,10.1038/s41598-017-19112-0,https://www.nature.com/articles/s41598-017-19112-0,yes,23.01.2018,no,,,MH,Physiological Response and Visual Attention to Visual Food Images in Healthy Subjects and in Functional Dyspepsia Patients,,2016-03-21,2016-03-31,,2017-04-30,Actual,"Paul Enck, Prof","Psychosomatic Medicine and Psychotherapy Department, University of Tübingen, Tübingen, Germany",visual images,Completed,N/A,30,Anticipated,FALSE
901,1199,NCT02175160,Tübingen,Tübingen,2,10.1111/os.12446,https://onlinelibrary.wiley.com/doi/full/10.1111/os.12446,yes,03.04.2019,no,,same publication as for 1193 (the paper refers to 2 NCT numbers!),MH,Predictability of the Ability to Perform an Emergency Stop,Predictability of the Ability to Perform an Emergency Stop in Knee Osteoarthritis and Patients With Total Knee Arthroplasty,2014-06-11,2014-07-31,,2015-06-30,Actual,"Ulf K Hofmann, MD",University Hospital Tuebingen,Braking and functionality,Completed,N/A,60,Actual,FALSE
153,1264,NCT01397149,Ulm,Ulm,0,,,,,,,marked as terminated,MH,Eltrombopag in Thrombocytopenic Chronic Lymphocytic Leukemia (CLL) Patients (CLL2S Study of GCLLSG),"A Phase I/II, Multi-centre Trial to Assess the Safety, Efficacy, and Pharmacokinetics of Eltrombopag, Administered to Thrombocytopenic Chronic Lymphocytic Leukemia Patients Prior to Alkylating Agents and/or Purine Analogue-based Therapy",2011-06-30,2011-10-31,,2014-11-30,Actual,"Stephan Stilgenbauer, Prof. Dr.","Universitätsklinikum Ulm, Medizinische Klinik III",Placebo | Eltrombopag,Terminated,Phase 1/Phase 2,4,Actual,FALSE
1178,520,NCT02364167,Greifswald,yes,8,,https://www.fsrmed.de/fileadmin/user_upload/Anaesthesie_Henkel.pdf ,no,?,no,,Poster ,TB,Acupuncture for Pain Control After Elective Caesarean Section,Acupuncture vs. Placebo Acupuncture and vs. Standard Therapy for Pain Control After Elective Caesarean Section - a Randomized Controlled Trial,2015-02-09,2015-01-31,,2017-05-31,Anticipated,"Taras I Usichenko, MD, PhD",University Medicine of Greifswald,Standard therapy | Verum acupuncture | Placebo acupuncture,Unknown status,Phase 2/Phase 3,180,Anticipated,FALSE
974,765,NCT01852526,Köln,Köln,3,10.1007/s00586-019-05880-y ,https://pubmed.ncbi.nlm.nih.gov/30649613/,yes,16.01.2019,no,cites the corresponding study protocol,,SW,Efficacy of Hybrid Systems in Comparison to the Rigid Spondylodesis in Lumbar-spine Fusion,"Clinical Trial (Phase II, Therapeutic Explorative) of the Efficacy of Hybrid Systems in Comparison to the Rigid Spondylodesis in Fusion-surgery in the Lumbar Spine: a Prospective, Randomised, Monocenter Pilotstudy",2013-05-08,2013-03-31,,2017-07-31,Anticipated,"Jan Siewe, Dr.",University Hospital of Cologne,Experimental: hybrid system | Active Comparator: Plif,Terminated,N/A,5,Actual,FALSE
